Song URL,Song Title,Album Title,Artist Names
https://music.youtube.com/watch?v=0Fhy8o7ufi8,(Ghost) Riders In the Sky,The Essential Johnny Cash,Johnny Cash
https://music.youtube.com/watch?v=3-S3KiWrDs0,[Snowdrift],Snö,Snail's House
https://music.youtube.com/watch?v=81uYuA1N4Qo,1000 Blunts,"Sing Me a Lullaby, My Sweet Temptation",$uicideboy$
https://music.youtube.com/watch?v=wBzFgGn8g2Y,2 Minutes to Midnight,Powerslave,Iron Maiden
https://music.youtube.com/watch?v=_sOKkON_UnQ,4:00 A.M.,Mignonne (Mastered by Bernie Grundman),Taeko Onuki
https://music.youtube.com/watch?v=mxc9RQPKAC4,40oz,The Most Hated,Polyphia
https://music.youtube.com/watch?v=AJ8uffDZqRE,9-24-11,Blue Chips 1 & 2,Action Bronson
https://music.youtube.com/watch?v=P2bbcrNpzSg,A Curious Breed of Botherment,A REALM REBORN: FINAL FANTASY XIV Original Soundtrack,Masayoshi Soken
https://music.youtube.com/watch?v=Echt4HeUXSw,A Fell Air Falleth,A REALM REBORN: FINAL FANTASY XIV Original Soundtrack,Masayoshi Soken
https://music.youtube.com/watch?v=tFpQmiH2ZZw,A Fine Death,A REALM REBORN: FINAL FANTASY XIV Original Soundtrack,Masayoshi Soken
https://music.youtube.com/watch?v=4fNrolHxV-g,A Neon Glow Lights the Way,VA-11 Hall-A (Original Soundtrack: Second Round),Garoad
https://music.youtube.com/watch?v=rF4t-x8xN3E,A New Hope,A REALM REBORN: FINAL FANTASY XIV Original Soundtrack,Masayoshi Soken
https://music.youtube.com/watch?v=JfbtVpNfQ4A,A Sailor Never Sleeps,A REALM REBORN: FINAL FANTASY XIV Original Soundtrack,Masayoshi Soken
https://music.youtube.com/watch?v=jE1N6RZDhq8,A Thousand Screams,A REALM REBORN: FINAL FANTASY XIV Original Soundtrack,Masayoshi Soken
https://music.youtube.com/watch?v=pe-AGviZ82U,A Tonberry's Tears,A REALM REBORN: FINAL FANTASY XIV Original Soundtrack,Masayoshi Soken
https://music.youtube.com/watch?v=xw8nOFNMbPE,A Victory Fanfare Reborn (Full),A REALM REBORN: FINAL FANTASY XIV Original Soundtrack,Masayoshi Soken
https://music.youtube.com/watch?v=2JTtZsVjCFI,A World Apart,A REALM REBORN: FINAL FANTASY XIV Original Soundtrack,Masayoshi Soken
https://music.youtube.com/watch?v=1beTl7ltR5U,ABC,ABC,Polyphia
https://music.youtube.com/watch?v=fo_7QUxLZL0,Abomination,A REALM REBORN: FINAL FANTASY XIV Original Soundtrack,Masayoshi Soken
https://music.youtube.com/watch?v=T_V76Dm42bY,Achilles Come Down,Go Farther In Lightness,Gang of Youths
https://music.youtube.com/watch?v=Fg2LICBsnFQ,Action Zenigata,Lupin III,Papik
https://music.youtube.com/watch?v=xNEKvweJ_zk,Agent of Inquiry,A REALM REBORN: FINAL FANTASY XIV Original Soundtrack,Masayoshi Soken
https://music.youtube.com/watch?v=HgJqV06P-yM,Algorhythm,3.15.20,Childish Gambino
https://music.youtube.com/watch?v=WfFnhlKTb3s,All Night Radio,All Night Radio,Ado
https://music.youtube.com/watch?v=KoW--dUuoGI,Ambulance,Ambulance,june
https://music.youtube.com/watch?v=Cln4Sm2lgtE,And You! - A Realm Reborn Medley,A REALM REBORN: FINAL FANTASY XIV Original Soundtrack,Masayoshi Soken
https://music.youtube.com/watch?v=EE2ZhMg_uzc,Anime Thighs,Anime Thighs (feat. Wonder),MC Virgins
https://music.youtube.com/watch?v=jQbTfqfwwG0,Another Round,A REALM REBORN: FINAL FANTASY XIV Original Soundtrack,Masayoshi Soken
https://music.youtube.com/watch?v=fyYrX2aWvao,Arrival,With Regards,Oksami
https://music.youtube.com/watch?v=D8a5fO9Qdvk,At Day's End,At Day's End/Small Hours,Haruhisa Tanaka
https://music.youtube.com/watch?v=u5BaTgZiZdU,Azzurri,Lupin III,Papik
https://music.youtube.com/watch?v=asKMPYcy3s0,B.I.O. (Characters),Lupin III,Papik
https://music.youtube.com/watch?v=DYYkJ0kwNss,Banana Boat (Day-O),Calypso,Harry Belafonte
https://music.youtube.com/watch?v=dzjewdFEwjo,Battle Theme 1.x,A REALM REBORN: FINAL FANTASY XIV Original Soundtrack,Masayoshi Soken
https://music.youtube.com/watch?v=XmAkYYsgDLU,Before You,Beyond The Veil,Seven Lions
https://music.youtube.com/watch?v=sAdbSY8LW8o,Below,A REALM REBORN: FINAL FANTASY XIV Original Soundtrack,Masayoshi Soken
https://music.youtube.com/watch?v=nqAEQRUIpIs,Beneath the Mask,The Velvet Lounge,Sapphire
https://music.youtube.com/watch?v=IlkcoigtRHE,"Beneath the Mask (""P5D"" ver.)",Persona Dancing 『P3D』＆『P5D』 Soundtrack –ADVANCED EDITION-,Lyn
https://music.youtube.com/watch?v=H6nEPNmneGg,Between,Beyond The Veil,Seven Lions
https://music.youtube.com/watch?v=f20JhfRDxk4,Beyond the Unknown,A REALM REBORN: FINAL FANTASY XIV Original Soundtrack,Masayoshi Soken
https://music.youtube.com/watch?v=vrhE09RmN0s,Beyond The Veil,Beyond The Veil,Seven Lions
https://music.youtube.com/watch?v=uHIhg8J9VHk,bird with hat,bird with hat,floopy
https://music.youtube.com/watch?v=Qw3q1PJUpO8,Bite of the Black Wolf,A REALM REBORN: FINAL FANTASY XIV Original Soundtrack,Masayoshi Soken
https://music.youtube.com/watch?v=qrqcI7WpLYM,Black Ice,Black Ice,"Subtronics, Rezz"
https://music.youtube.com/watch?v=RAut3N1uZuI,Black Sheep (Brie Larson Vocal Version),Black Sheep (Brie Larson Vocal Version),Metric
https://music.youtube.com/watch?v=fV-lVkV6ZJg,Bliss,A REALM REBORN: FINAL FANTASY XIV Original Soundtrack,"Masayoshi Soken, FILM SCORE"
https://music.youtube.com/watch?v=UFWUe-zddYk,Blood Gun,Catechesis,Garoad
https://music.youtube.com/watch?v=hUSR2JzEauI,Bo-down,A REALM REBORN: FINAL FANTASY XIV Original Soundtrack,Nobuo Uematsu
https://music.youtube.com/watch?v=rCVZtekaEPo,Bomb Thrown,Czarface Meets Metal Face,"Czarface, MF DOOM"
https://music.youtube.com/watch?v=WVkD4lgXTEU,Bones in the Ocean,Bones in the Ocean,The Longest Johns
https://music.youtube.com/watch?v=HTAGgR893ZI,Bowsette,Bowsette,The Chalkeaters
https://music.youtube.com/watch?v=GITYjbKnlQc,Break in to Break Out,The Velvet Lounge,Sapphire
https://music.youtube.com/watch?v=X8qUpoh5-O0,Breaking Boundaries,A REALM REBORN: FINAL FANTASY XIV Original Soundtrack,Masayoshi Soken
https://music.youtube.com/watch?v=M3Vr8_mwwqU,Brian is the Most Beautiful,Songs & Demos 2015-2017,Memo Boy
https://music.youtube.com/watch?v=GXVuizEdxG0,Brothers in Arms,A REALM REBORN: FINAL FANTASY XIV Original Soundtrack,"Masayoshi Soken, FILM SCORE"
https://music.youtube.com/watch?v=cQzMHhRCTYw,Buddy Holly,Weezer (Blue Album),Weezer
https://music.youtube.com/watch?v=GVQ6UiIXnMs,Bury Me,Bury Me,"SFINX, Rainych"
https://music.youtube.com/watch?v=QJ1AC9tvv2g,By Far and Away,The Way Forward,Intervals
https://music.youtube.com/watch?v=PL2D4l1Ppy8,Calamity Unbound,A REALM REBORN: FINAL FANTASY XIV Original Soundtrack,Masayoshi Soken
https://music.youtube.com/watch?v=kFt_bRFNzks,Call On Me,Beyond The Veil,Seven Lions
https://music.youtube.com/watch?v=HxFlsiFwM5E,Calling,A REALM REBORN: FINAL FANTASY XIV Original Soundtrack,Masayoshi Soken
https://music.youtube.com/watch?v=Z3J3ADqDopk,Can I friend you on Bassbook? lol,4orce!,Camellia
https://music.youtube.com/watch?v=YYwiO_tGmT0,Cash Wednesday,Prom King,Skylar Spence
https://music.youtube.com/watch?v=KT8oFMBKIjI,"Cast List (From ""Super Mario World"")","Cast List (From ""Super Mario World"")",3000m
https://music.youtube.com/watch?v=YOp2AV7XR1A,Cat Fight,Lupin III,Papik
https://music.youtube.com/watch?v=mtOAhF6lJxk,Cheat Codes for Hoes,Cheat Codes for Hoes,"Shotgun Willy, TRAQULA"
https://music.youtube.com/watch?v=rR1nZLeQl1A,Children of the Grave,The Ultimate Collection,Black Sabbath
https://music.youtube.com/watch?v=0t3mAuKYpI8,Christmas of a Wandering Ghost,Christmas of a Wandering Ghost,Snail's House
https://music.youtube.com/watch?v=ATm_iu6CWcE,Cinquecento,Lupin III,Papik
https://music.youtube.com/watch?v=05VMGU_jxww,Cityscapes,With Regards,Oksami
https://music.youtube.com/watch?v=Z9Onb_z0XPI,Clavar La Espada,TV Animation BLEACH Original Soundtrack 3,Shiro SAGISU
https://music.youtube.com/watch?v=XuFZiIYZzdk,Cold Salvation,A REALM REBORN: FINAL FANTASY XIV Original Soundtrack,Masayoshi Soken
https://music.youtube.com/watch?v=crI88tZxKO0,Colors,Colors,Beck
https://music.youtube.com/watch?v=IopCxEnVgYg,Combat Mosh,Born Of The Bomb,Lich King
https://music.youtube.com/watch?v=rqduNLyi8kk,Comical Chase,Lupin III,Papik
https://music.youtube.com/watch?v=jzir3rJbJtk,"Concerto In G Minor for Violin, String Orchestra and Continuo, Op. 8, No. 2, RV 315, ""L'estate"" (L'Eté). Presto, Tempo impetuoso d'estate",This is Vivaldi,Antonio Vivaldi
https://music.youtube.com/watch?v=CpSnnlzbO9o,Connected (Yours Forever) [In-Game Mix],Tetris Effect (Original Soundtrack),Hydelic
https://music.youtube.com/watch?v=1V8W8lqzSY4,Conundrum,A REALM REBORN: FINAL FANTASY XIV Original Soundtrack,"Masayoshi Soken, FILM SCORE"
https://music.youtube.com/watch?v=_qTphBoiEF4,Counterintelligence (M16's Theme),Lupin III,Yuma
https://music.youtube.com/watch?v=_PPVgzKQmy0,Cracks in the Wall,A REALM REBORN: FINAL FANTASY XIV Original Soundtrack,Masayoshi Soken
https://music.youtube.com/watch?v=pt2k_XOOVc0,credits song for my death,IN MY HEAD,vivivivivi
https://music.youtube.com/watch?v=BYwDsXAnyIs,Crystal Rain,A REALM REBORN: FINAL FANTASY XIV Original Soundtrack,Masayoshi Soken
https://music.youtube.com/watch?v=f9zktl7V5W4,Currents,A REALM REBORN: FINAL FANTASY XIV Original Soundtrack,Masayoshi Soken
https://music.youtube.com/watch?v=0NQHJfaLWgM,Damnation,A REALM REBORN: FINAL FANTASY XIV Original Soundtrack,Masayoshi Soken
https://music.youtube.com/watch?v=ttY0vfyd-dI,Dance Macabre,Prequelle,Ghost B.C.
https://music.youtube.com/watch?v=gCu9Vq2TbUE,Dance of the Fireflies,A REALM REBORN: FINAL FANTASY XIV Original Soundtrack,Masayoshi Soken
https://music.youtube.com/watch?v=YATqq7G_rjA,Dancing Thieves,Lupin III,Papik
https://music.youtube.com/watch?v=Xd5SMgJVEAM,Dancing To Cat Guitar,Natsu Zen Kai,Masayoshi Takanaka
https://music.youtube.com/watch?v=DAbdQlO1aCw,Dawn of a New Era,A REALM REBORN: FINAL FANTASY XIV Original Soundtrack,Masayoshi Soken
https://music.youtube.com/watch?v=xYaZpTGBjv8,Daytrip,With Regards,Oksami
https://music.youtube.com/watch?v=OdnTQqB4q4w,Dead Weight,HiLo,Jack Stauber
https://music.youtube.com/watch?v=bI98nBRpvgg,Decision,Rocky III: Music From The Motion Picture,Bill Conti
https://music.youtube.com/watch?v=NtLpBa_klEQ,Defender of the Realm,A REALM REBORN: FINAL FANTASY XIV Original Soundtrack,"Masayoshi Soken, FILM SCORE"
https://music.youtube.com/watch?v=MwDmdiHa82c,Discordance,A REALM REBORN: FINAL FANTASY XIV Original Soundtrack,Masayoshi Soken
https://music.youtube.com/watch?v=cgmwMb13lLc,Do Something,Do Something,Emi Grace
https://music.youtube.com/watch?v=LYySsU8A08w,Don't Stop Me Now,Symphonic Queen - The Greatest Hits,"Royal Philharmonic Orchestra, Matthew Freeman"
https://music.youtube.com/watch?v=i7ouv9AyB_o,Don't you want me,SPD GAR,PSYQUI
https://music.youtube.com/watch?v=l-uVkrzo8eU,Downtown,This Unruly Mess I've Made,Macklemore & Ryan Lewis
https://music.youtube.com/watch?v=f7P5Q2IIT4U,Dragostea din tei,DiscO-Zone,O-Zone
https://music.youtube.com/watch?v=uxyM7vhU0uU,Dream Sweet in Sea Major,Hawaii: Part II,Miracle Musical
https://music.youtube.com/watch?v=wMQ2GAYg9fg,Dreamer,Dreamer,Throttle
https://music.youtube.com/watch?v=IqUSJihwMQA,Dreams And Disasters,The Midsummer Station,Owl City
https://music.youtube.com/watch?v=2MaV1O1xTPM,Duree,Duree,"Sheeno Mirin, Hatsune Miku"
https://music.youtube.com/watch?v=IdIdqyO8fb8,E. S. P.,An Insatiable High,Masayoshi Takanaka
https://music.youtube.com/watch?v=DwYNdvSgUVQ,Echoes of Ages Past,A REALM REBORN: FINAL FANTASY XIV Original Soundtrack,Masayoshi Soken
https://music.youtube.com/watch?v=1ibelOsqVnQ,Eenie Meenie,Eenie Meenie,Sean Kingston
https://music.youtube.com/watch?v=qVanbaLtUF8,egoist,memento mori,Paseri Onuma
https://music.youtube.com/watch?v=2J-bPsJUjUw,Engage,A REALM REBORN: FINAL FANTASY XIV Original Soundtrack,Masayoshi Soken
https://music.youtube.com/watch?v=ayazprlxbyk,Eorzea de Chocobo,A REALM REBORN: FINAL FANTASY XIV Original Soundtrack,Masayoshi Soken
https://music.youtube.com/watch?v=qR6mTJRbcaE,Escape From The City ...for City Escape,SONIC ADVENTURE 2 Original Soundtrack 20th Anniversary Edition,"Ted Poley, Tony Harnell"
https://music.youtube.com/watch?v=qjZ5eC5N5zw,Euphoria,Euphoria,Andora
https://music.youtube.com/watch?v=iBGEdwCyqsU,Ever Upwards,A REALM REBORN: FINAL FANTASY XIV Original Soundtrack,"Masayoshi Soken, FILM SCORE"
https://music.youtube.com/watch?v=iuAd0QIipMA,Every Note,Forever,Mystery Skulls
https://music.youtube.com/watch?v=8arcSmbqm2s,Every Time,Beyond The Veil,Seven Lions
https://music.youtube.com/watch?v=8YWX3mRQZ88,Everything Goes On,Everything Goes On,"Porter Robinson, League of Legends"
https://music.youtube.com/watch?v=jEILGYq7eso,Eye In The Sky,Eye In The Sky,The Alan Parsons Project
https://music.youtube.com/watch?v=3chCr8xYTOY,Fabulous Secret Powers,Fabulous Secret Powers,SLACKCiRCUS
https://music.youtube.com/watch?v=K3M6877-NT0,Faint Attraction,Lupin III,Papik
https://music.youtube.com/watch?v=_9EYQ6brwpo,Fallen Angel,A REALM REBORN: FINAL FANTASY XIV Original Soundtrack,Masayoshi Soken
https://music.youtube.com/watch?v=pdsmQ5LMVM4,Falling Fast,Beyond The Veil,Seven Lions
https://music.youtube.com/watch?v=M7vdDpoWl4U,Feal Brids,Dated New Aesthetic,"Windows 96, Gavriel"
https://music.youtube.com/watch?v=QAFMW-ZGmaI,Fealty,A REALM REBORN: FINAL FANTASY XIV Original Soundtrack,Masayoshi Soken
https://music.youtube.com/watch?v=zRHiTjce9s0,FFVII REMAKE: Let the Battles Begin! - A Merc's Job,FINAL FANTASY VII REMAKE Original Soundtrack,Nobuo Uematsu
https://music.youtube.com/watch?v=oBqdqxXkvUc,Final Boss,Less Traveled,Tommy Ami
https://music.youtube.com/watch?v=4gzIL8_G4Xs,Find Your Flame,Sonic Frontiers Original Soundtrack Stillness & Motion,"SEGA, Tomoya Ohtani"
https://music.youtube.com/watch?v=r1VXp_LecZs,Five Nights at Freddy's Song (Metal Version) [feat. The Living Tombstone],"Fnaf, Vol​. ​1",MiatriSs
https://music.youtube.com/watch?v=kHXLTei_L7s,Fleeting Lullaby,Fleeting Lullaby,Ado
https://music.youtube.com/watch?v=XBJUTYQfUCc,Fleeting Rays,A REALM REBORN: FINAL FANTASY XIV Original Soundtrack,Masayoshi Soken
https://music.youtube.com/watch?v=jy1FMV9U1Ug,Flibbertigibbet,A REALM REBORN: FINAL FANTASY XIV Original Soundtrack,Masayoshi Soken
https://music.youtube.com/watch?v=Dwl9DaaGUdM,Flight,A REALM REBORN: FINAL FANTASY XIV Original Soundtrack,Masayoshi Soken
https://music.youtube.com/watch?v=oFjUxkvo_n8,Flightless Wings,A REALM REBORN: FINAL FANTASY XIV Original Soundtrack,Nobuo Uematsu
https://music.youtube.com/watch?v=od2q-e5K-Zc,Fluorescent Adolescent,Favourite Worst Nightmare,Arctic Monkeys
https://music.youtube.com/watch?v=UY3rK1DKIFA,Flying Lupin,Lupin III,Papik
https://music.youtube.com/watch?v=KE3mZnfGXSI,Forever Lost,A REALM REBORN: FINAL FANTASY XIV Original Soundtrack,Masayoshi Soken
https://music.youtube.com/watch?v=yB2WQrRfcvU,Fracture,A REALM REBORN: FINAL FANTASY XIV Original Soundtrack,Masayoshi Soken
https://music.youtube.com/watch?v=3rpQTqpFTF4,Fragments of Time,Random Access Memories,"Daft Punk, Todd Edwards"
https://music.youtube.com/watch?v=UYAy-INquM0,Frame of Mind,Frame of Mind,"Tristam, Braken"
https://music.youtube.com/watch?v=iD3Q-O-PzFY,From Fear to Fortitude,A REALM REBORN: FINAL FANTASY XIV Original Soundtrack,"Masayoshi Soken, FILM SCORE"
https://music.youtube.com/watch?v=NWN1LSmrYsA,From Left to Right~,Slice of Life,Cute Girls Doing Cute Things
https://music.youtube.com/watch?v=QNgcCnGR_3E,From the Depths,A REALM REBORN: FINAL FANTASY XIV Original Soundtrack,Masayoshi Soken
https://music.youtube.com/watch?v=tF0YfNdzZ8A,Frontiers Within,A REALM REBORN: FINAL FANTASY XIV Original Soundtrack,Masayoshi Soken
https://music.youtube.com/watch?v=uzMhyTs_Kag,Fujiko's Theme,Lupin III,Papik
https://music.youtube.com/watch?v=CbYhiJwExGE,Funky Motion,Funky Stuff,Jiro Inagaki and His Soul Media
https://music.youtube.com/watch?v=0stJUDYcbbQ,Fuzaketenaize,Fuzaketenaize,NECRY TALKIE
https://music.youtube.com/watch?v=lFtHf-nKLzw,garden of birdly delights,return to bird world,leon chang
https://music.youtube.com/watch?v=bu3ruL8WJgc,Getting Along,Weekend Man,Royal Republic
https://music.youtube.com/watch?v=5etD8mRAsio,Go!!!,Go!!!,FLOW
https://music.youtube.com/watch?v=HjEWGWs8GWc,Goemon's Theme,Lupin III,Papik
https://music.youtube.com/watch?v=hQUvY6F4q34,Good (Bad?) Old Days,An Insatiable High,Masayoshi Takanaka
https://music.youtube.com/watch?v=8SwPB2-NAVg,Good King Moggle Mog XII,A REALM REBORN: FINAL FANTASY XIV Original Soundtrack,Masayoshi Soken
https://music.youtube.com/watch?v=vfLfonEeoyM,Good-bye Declaration,Good-bye Declaration,Chinozo
https://music.youtube.com/watch?v=B57B7kjYOuA,Goyanomachiawase,Goyanomachiawase,Hello Sleepwalkers
https://music.youtube.com/watch?v=EDMSiBo06lc,Greenwrath,A REALM REBORN: FINAL FANTASY XIV Original Soundtrack,Masayoshi Soken
https://music.youtube.com/watch?v=WOb8-C6jw0M,Guns and Ships,Hamilton (Original Broadway Cast Recording),"Leslie Odom Jr., Daveed Diggs, Christopher Jackson, Original Broadway Cast of Hamilton"
https://music.youtube.com/watch?v=r-QOMq_-bFc,Hai Domo,Hai Domo,Cao White
https://music.youtube.com/watch?v=yEWFxNNjalI,Hall of the Mountain King,Hall of the Mountain King,Kevin MacLeod
https://music.youtube.com/watch?v=ZYl7BLy5y70,Halo,Anima,"Pendulum, Bullet For My Valentine"
https://music.youtube.com/watch?v=p__uF4z-rGw,Hard to Miss,A REALM REBORN: FINAL FANTASY XIV Original Soundtrack,Masayoshi Soken
https://music.youtube.com/watch?v=XzH8ilNKBCg,Heartbeat,Camp,Childish Gambino
https://music.youtube.com/watch?v=Xp8bEeXMNyk,Heartless,A REALM REBORN: FINAL FANTASY XIV Original Soundtrack,Masayoshi Soken
https://music.youtube.com/watch?v=GJWVMBNptVw,Heaven,The Velvet Lounge,Sapphire
https://music.youtube.com/watch?v=F58CP8NmH_8,Hell on Earth,Senjutsu,Iron Maiden
https://music.youtube.com/watch?v=WxZ6A-5gE88,Henosis,Beyond The Veil,Seven Lions
https://music.youtube.com/watch?v=rddxMpDR8OQ,Hentai Bitch,Hentai Bitch,Shiki-Tmns
https://music.youtube.com/watch?v=e56btHTwjUY,Hide,Hide,4ЯR
https://music.youtube.com/watch?v=58zQgHxuTeA,Higher,Higher,Aktive
https://music.youtube.com/watch?v=5aYxsEakkPU,Historic Cause,Lupin III,Yuma
https://music.youtube.com/watch?v=HA3Ks8NLS-Y,Hopes And Dreams,UNDERTALE Soundtrack,Toby Fox
https://music.youtube.com/watch?v=gfivrum_3ow,Hot Shower,,Chance the Rapper featuring MadeinTYO and DaBaby
https://music.youtube.com/watch?v=pbWK9xvnfeA,How he found the world all strange and the world found him strange likewise,Dated New Aesthetic,"Windows 96, Gavriel"
https://music.youtube.com/watch?v=Uc2X1WW8u9Q,Hubris,A REALM REBORN: FINAL FANTASY XIV Original Soundtrack,"Masayoshi Soken, FILM SCORE"
https://music.youtube.com/watch?v=CyIoNt2m1Gw,HUNTING FOR YOUR DREAM,ANGEL OF SALVATION,GALNERYUS
https://music.youtube.com/watch?v=tt7-5rFaGOw,Hyakki Yakou,Liquid Soul and Solid Blood,Hello Sleepwalkers
https://music.youtube.com/watch?v=GlhW5XQZ1qU,Hymn of Tabal,Catechesis,Garoad
https://music.youtube.com/watch?v=B-tDrYUaAns,I Am the Sea,A REALM REBORN: FINAL FANTASY XIV Original Soundtrack,Masayoshi Soken
https://music.youtube.com/watch?v=buYrBbwyCGE,I Can't Decide,Ta Dah,Scissor Sisters
https://music.youtube.com/watch?v=pLQEdhCoBE4,I Just Want to Be the One You Love,I Just Want to Be the One You Love,Cryst
https://music.youtube.com/watch?v=L0qBulm0hbg,I Keep Forgettin' (Every Time You're Near),If That's What It Takes,Michael McDonald
https://music.youtube.com/watch?v=ch8g-sJb6ow,I Love Kanye,The Life Of Pablo,Kanye West
https://music.youtube.com/watch?v=RxzaCKpgVcA,I should probably start looking,Dated New Aesthetic,"Windows 96, Gavriel"
https://music.youtube.com/watch?v=Ye9hGotPPVk,I'm Still Standing,Too Low For Zero,Elton John
https://music.youtube.com/watch?v=QXVA1Nn3kLU,ICE,ICE,MORGENSHTERN
https://music.youtube.com/watch?v=-LwBbLa_Vhc,If I could be a constellation,Kessoku Band,kessoku band
https://music.youtube.com/watch?v=jLNOjKo7BHo,Ignite (2016 League Of Legends World Championship),Ignite (2016 League Of Legends World Championship),Zedd
https://music.youtube.com/watch?v=w-cJJjvcYrs,Illumination,Destiny Calls,Phil Rey
https://music.youtube.com/watch?v=1nayMgzBz9M,Illusion Fantasy,Lupin III,Papik
https://music.youtube.com/watch?v=gkn1U2LgMg0,Indigo Night,kyoto rain,Seycara Orchestral
https://music.youtube.com/watch?v=SpmkpZrjEao,Intertwined,A REALM REBORN: FINAL FANTASY XIV Original Soundtrack,Masayoshi Soken
https://music.youtube.com/watch?v=eggBwREXhIM,"Isn't it ""A""","Isn't it ""A""",PinocchioP
https://music.youtube.com/watch?v=mra-n74a1Mk,Italian Dream,Lupin III,Papik
https://music.youtube.com/watch?v=HP_d0gNPXM8,Japan,Japan,Throttle
https://music.youtube.com/watch?v=S8Rn51hIJlE,Japan (VIP),Where U Are (Deluxe),Throttle
https://music.youtube.com/watch?v=9PariYoTuKA,Jazz Lupin,Lupin III,Papik
https://music.youtube.com/watch?v=46wclSkf6xo,Jigen's Theme,Lupin III,Papik
https://music.youtube.com/watch?v=7PQsGX1YOuE,"Jump Up, Super Star!","Jump Up, Super Star!",The Living Tombstone
https://music.youtube.com/watch?v=YbQ2ucvwlK8,Kalinka (Vocal Dance Mix),Best of Yamboo,Yamboo
https://music.youtube.com/watch?v=4fC1M6MjtFM,Kanzen kankaku Dreamer,Niche Syndrome,ONE OK ROCK
https://music.youtube.com/watch?v=1egoH62ccnk,Karekore No Korekara,Karekore No Korekara,meiyo
https://music.youtube.com/watch?v=NMA_isZYsYQ,KICK BACK,KICK BACK,Kenshi Yonezu
https://music.youtube.com/watch?v=yZgzEVS-G6k,Kicking Cars,D>E>A>T>H>M>E>T>A>L,Panchiko
https://music.youtube.com/watch?v=25tPoLKsEL8,Kimi No Kioku,The Velvet Lounge,Sapphire
https://music.youtube.com/watch?v=SsbZUjJHMAY,Kiss of Chaos,A REALM REBORN: FINAL FANTASY XIV Original Soundtrack,Masayoshi Soken
https://music.youtube.com/watch?v=rQiHzcdUPAU,"KOMM, SUSSER TOD (M-10 Director's Edit Version)",Evangelion Finally,Arianne
https://music.youtube.com/watch?v=S-Ioe6YFSGQ,Konami Beta Female,Dated New Aesthetic,"Windows 96, Gavriel"
https://music.youtube.com/watch?v=0hhwDhJ8Zdo,La vie en rose,Sings - Back Through The Years/A Centennial Celebration,Louis Armstrong And His Orchestra
https://music.youtube.com/watch?v=3LxMbCUvhDI,La Vie en Rose,Hello Dolly,Louis Amstrong
https://music.youtube.com/watch?v=HDVIQ6E_J58,Language,Language,Porter Robinson
https://music.youtube.com/watch?v=MOOXO0ShopI,Last Summer Whisper,Heaven Beach,Anri
https://music.youtube.com/watch?v=fQRspastAEA,Last Surprise,The Velvet Lounge,Sapphire
https://music.youtube.com/watch?v=LeRpt1Voo0M,Lichdragon Fortissax,Elden Ring (Original Soundtrack),Yoshimi Kudo
https://music.youtube.com/watch?v=cAJ4FOZWTRM,Lifelike,Nurture,Porter Robinson
https://music.youtube.com/watch?v=revu_TYcsNI,Light,Light,San Holo
https://music.youtube.com/watch?v=KVHSORzcYho,Lightsleeper,Dated New Aesthetic,"Windows 96, Gavriel"
https://music.youtube.com/watch?v=GYW0qE6UmWA,Lightyears,Digital Heart,nanobii
https://music.youtube.com/watch?v=aL1ENv0Wh-Y,Lipflaps on Longstops,A REALM REBORN: FINAL FANTASY XIV Original Soundtrack,Masayoshi Soken
https://music.youtube.com/watch?v=DSw8ZYtW8Uo,loading...,loading...,ChocoChip
https://music.youtube.com/watch?v=DCQEYw1gbSU,Loneliness,Loneliness,Ginger Root
https://music.youtube.com/watch?v=S7p3dsZ7qK4,Love You Back,Love You Back,Madeon
https://music.youtube.com/watch?v=ZqK2As0qimM,love.,The Boy Who Flew To The Moon (Vol. 1),Kid Cudi
https://music.youtube.com/watch?v=c0fHs7THj4k,Lovefool,First Band On The Moon,The Cardigans
https://music.youtube.com/watch?v=mJCyw8OavGg,Loving You,With Regards,Oksami
https://music.youtube.com/watch?v=6xZGp_JeQLU,Lupin Theme,Lupin III,Papik
https://music.youtube.com/watch?v=zj3ixQHAgC0,Lupin's Lament,Lupin III,Yuma
https://music.youtube.com/watch?v=K15Afe-If7E,Lux Æterna,Lux Æterna,Metallica
https://music.youtube.com/watch?v=9-5yhHLlNiY,Machinations,A REALM REBORN: FINAL FANTASY XIV Original Soundtrack,Masayoshi Soken
https://music.youtube.com/watch?v=TzDTicwXhF8,Manouche Talk,Lupin III,Papik
https://music.youtube.com/watch?v=khXYDXeMX_0,MANTRA,amo,Bring Me The Horizon
https://music.youtube.com/watch?v=M8XaGxvuFOU,Mary Jane's Last Dance,Greatest Hits,Tom Petty And The Heartbreakers
https://music.youtube.com/watch?v=4EqgH1DNOTE,Melancholy,Lupin III,Papik
https://music.youtube.com/watch?v=qGL-hJ-Kybg,Meow,Meow,Lvusm
https://music.youtube.com/watch?v=VwE7H9UWCRY,Midnight,White Noise,Kudasaibeats
https://music.youtube.com/watch?v=38uYUM-gFWE,Miku,Miku,"Anamanaguchi, Miku Hatsune"
https://music.youtube.com/watch?v=6Zxgq0upMjE,Mimi's Delivery Service,Mimi's Delivery Service,Good Kid
https://music.youtube.com/watch?v=ujPjEYjhGuA,Mind-Bending Trip,Lupin III,Yuma
https://music.youtube.com/watch?v=ipVNS2DtOxY,Miser's Folly,A REALM REBORN: FINAL FANTASY XIV Original Soundtrack,Masayoshi Soken
https://music.youtube.com/watch?v=Y_shYDmJwCw,Miss You,Beyond The Veil,Seven Lions
https://music.youtube.com/watch?v=iUjyVcZAcXU,Mistakes,Mistakes,Used
https://music.youtube.com/watch?v=_n5cj2fJlU0,Moment of Refelction,Dated New Aesthetic,"Windows 96, Gavriel"
https://music.youtube.com/watch?v=Rehn4aOTzgY,Money,Portamento,The Drums
https://music.youtube.com/watch?v=pS6HRKZQLFA,Monster,My Beautiful Dark Twisted Fantasy,Kanye West
https://music.youtube.com/watch?v=YJQnUKTvEW4,Moonlight Sonata 3rd Mvt (Big Band Version),Moonlight Sonata 3rd Mvt (Big Band Version),The 8-Bit Big Band
https://music.youtube.com/watch?v=627cAumD6x0,Mother,Nurture,Porter Robinson
https://music.youtube.com/watch?v=eiYVcFFeYBA,mr. sunshine,age tape 8,Arden Jones
https://music.youtube.com/watch?v=ZVZdjQwnHNc,My Brother Dragon Slayer,My Brother Dragon Slayer,Aliceintheskies
https://music.youtube.com/watch?v=S0KAAsanVms,My Flaws Burn Through My Skin Like Demonic Flames from Hell,I No Longer Fear the Razor Guarding My Heel,$uicideboy$
https://music.youtube.com/watch?v=B6BAOZ0flnk,My Soul to Keep,A REALM REBORN: FINAL FANTASY XIV Original Soundtrack,Masayoshi Soken
https://music.youtube.com/watch?v=qQzdAsjWGPg,My Way (2008 Remastered),Nothing But The Best (2008 Remastered),Frank Sinatra
https://music.youtube.com/watch?v=byVACluqUIA,Mystery Girl,"TOKYO 1980s Victor Edition (The Compilation) Boogie, Funk & Modern Soul from Japan",I Re'in For Re'in
https://music.youtube.com/watch?v=R2OvE1oX_fs,Naimononedari Revenge the First Take,Naimononedari Revenge THE FIRST TAKE,KANA-BOON
https://music.youtube.com/watch?v=QWLJTktMdc4,Natural,Natural,"Moe Shop, Ace Hashimoto"
https://music.youtube.com/watch?v=uc8O7IgijFE,Need 2 (Metal Version),Need 2 (Metal Version),Little V.
https://music.youtube.com/watch?v=TNWC4kTynNQ,Nemesis,A REALM REBORN: FINAL FANTASY XIV Original Soundtrack,Nobuo Uematsu
https://music.youtube.com/watch?v=SCHA735tWX0,Neurotica,Neurotica,Polyphia
https://music.youtube.com/watch?v=dgXrJqaEWc8,Never Ending Midnights,Overture,Midnight Grand Orchestra
https://music.youtube.com/watch?v=9vbWalyHR7g,Never Learn,Beyond The Veil,Seven Lions
https://music.youtube.com/watch?v=tEXYfT_G0W0,"New Person, Same Old Mistakes",Currents,Tame Impala
https://music.youtube.com/watch?v=aUdGjuUUwpc,Nice And Easy,Lupin III,Papik
https://music.youtube.com/watch?v=93tzEsyknqQ,Night Drive,Quite Operational,Monomer
https://music.youtube.com/watch?v=tdhbZWNfVzU,Night Sky Patrol of Tomorrow,Mikansei Eight Beats,Orangestar
https://music.youtube.com/watch?v=2ch_p04MTHg,Nippon Egao Hyakkei,Nippon Egao Hyakkei,"Momoclo Tei Ichimon, Momoiro Clover Z"
https://music.youtube.com/watch?v=7wTKBHvnVDs,Nix's Theme,Lupin III,Papik
https://music.youtube.com/watch?v=mL9BOSG31pg,No More Lies,No More Lies,"Thundercat, Tame Impala"
https://music.youtube.com/watch?v=aojm70Q4GAg,Nobody's Like Lupin,Lupin III,Papik
https://music.youtube.com/watch?v=BG-l_pIWXYA,Nocturne Button Presses,Dated New Aesthetic,"Windows 96, Gavriel"
https://music.youtube.com/watch?v=siIpBYDvGOg,Nome Da Musica,Dated New Aesthetic,"Windows 96, Gavriel"
https://music.youtube.com/watch?v=NO-qe4oB6fA,Nonsense,Adventure (Deluxe),Madeon
https://music.youtube.com/watch?v=IxXVgJdn-XU,Nosebleed,Before the Night,Home
https://music.youtube.com/watch?v=1dc2Ubl3IfU,Not a Puzzle or a Riddle,Dated New Aesthetic,"Windows 96, Gavriel"
https://music.youtube.com/watch?v=8pF0xG912VY,Nutville,The Roar of '74,Buddy Rich
https://music.youtube.com/watch?v=CtbfJD_XzLA,Obey Or Die,Obey Or Die,Aktive
https://music.youtube.com/watch?v=vbZHc6bbDgk,Obstacles,Someday We Will Foresee Obstacles,Syd Matters
https://music.youtube.com/watch?v=UGDQVZ4caR0,Oh! Tengo Suerte,Seychelles,Masayoshi Takanaka
https://music.youtube.com/watch?v=M69fgk13Dg0,On Westerly Winds,A REALM REBORN: FINAL FANTASY XIV Original Soundtrack,Masayoshi Soken
https://music.youtube.com/watch?v=NijPVAu42aI,On With The Show (2021- Remaster),Too Fast For Love (40th Anniversary; 2021 - Remaster),Mötley Crüe
https://music.youtube.com/watch?v=0nMg0yTnHCo,One Blood,A REALM REBORN: FINAL FANTASY XIV Original Soundtrack,FILM SCORE
https://music.youtube.com/watch?v=pOqsFMNFdDo,One Hell of a Time,Cuphead (Original Soundtrack),Kristofer Maddigan
https://music.youtube.com/watch?v=c3e-3kvhSTU,Orange Colored Sky,The Extraordinary (Deluxe Edition),Nat King Cole
https://music.youtube.com/watch?v=SzL2Z7f7M-0,Ordinary Song,Lupin III,Papik
https://music.youtube.com/watch?v=kEOKb1lHNQE,Outro,Hurry Up We're Dreaming,M83
https://music.youtube.com/watch?v=TIefVVR2H1w,Outset Island,Zelda & Sleep IV: Instrumentals from The Wind Waker,Super Piano 64
https://music.youtube.com/watch?v=3MgO0BLb6Cg,Overture,Rocky II: Music From The Motion Picture,Bill Conti
https://music.youtube.com/watch?v=IG_VDj8Eh_g,Owner of a Lonely Heart,90125 (Deluxe Version),Yes
https://music.youtube.com/watch?v=7Jf_9Gy77ek,oyasumi,LISTEN TO THE MUSIC,Shiggy Jr.
https://music.youtube.com/watch?v=D0Dw0WmSjXE,Oyasumi,Natsu Zen Kai,Masayoshi Takanaka
https://music.youtube.com/watch?v=3Lyv6VPcxa8,Painted Paradise,Funky Stuff,Jiro Inagaki and His Soul Media
https://music.youtube.com/watch?v=qpx7X6QjocA,Party Tonight,Party Tonight,Joe Hedourix
https://music.youtube.com/watch?v=C9X2BTS7j-E,Passionate Love,Lupin III,Papik
https://music.youtube.com/watch?v=VETYSUtX6PY,Penitus,A REALM REBORN: FINAL FANTASY XIV Original Soundtrack,Masayoshi Soken
https://music.youtube.com/watch?v=acJ-Wt3rpfc,Piano Man,Rock Classics Of The 70's,Billy Joel
https://music.youtube.com/watch?v=RUfT-aUJGmE,Pitfire,A REALM REBORN: FINAL FANTASY XIV Original Soundtrack,Nobuo Uematsu
https://music.youtube.com/watch?v=F4y01RB064M,Pixel Heart,Pixel Heart,Lemaitre
https://music.youtube.com/watch?v=Vg_dYAa1qoY,Poison Jam,Memories of Tokyo-To,2 Mello
https://music.youtube.com/watch?v=w3NyycHR3fE,Pollyanna (I Believe In You),MOTHER,Catherine Warwick
https://music.youtube.com/watch?v=QkfzSDI_eYo,popcorn castle,bird world,leon chang
https://music.youtube.com/watch?v=rEgqHomynVg,Pot City,COWBOY BEBOP (Original Motion Picture Soundtrack),Seatbelts
https://music.youtube.com/watch?v=4IgoitlgZOI,Powerslave,Powerslave,Iron Maiden
https://music.youtube.com/watch?v=KkNNM0uM1N8,Prelude - Discoveries,A REALM REBORN: FINAL FANTASY XIV Original Soundtrack,Masayoshi Soken
https://music.youtube.com/watch?v=zb2L-zwvtqE,Prelude - Rebirth,A REALM REBORN: FINAL FANTASY XIV Original Soundtrack,Masayoshi Soken
https://music.youtube.com/watch?v=r1qPdyG_kX8,Primal Judgment,A REALM REBORN: FINAL FANTASY XIV Original Soundtrack,Nobuo Uematsu
https://music.youtube.com/watch?v=_HqdjvWhkJU,Primal Timbre,A REALM REBORN: FINAL FANTASY XIV Original Soundtrack,Masayoshi Soken
https://music.youtube.com/watch?v=jffZrx2l-Mw,Prologue,Beyond The Veil,Seven Lions
https://music.youtube.com/watch?v=8XZokAphjjE,Prom Night,Endless Fantasy,Anamanaguchi
https://music.youtube.com/watch?v=dZcVPCScbyM,Pump It Up,Pump It Up,Endor
https://music.youtube.com/watch?v=ex_iu63m9wc,Pyxis,Before the Night,Home
https://music.youtube.com/watch?v=zGB3qNriBZg,Que Pasa,Que Pasa,Curb Service
https://music.youtube.com/watch?v=wAbHn8LvXZE,Question,Question,meiyo
https://music.youtube.com/watch?v=_tQPeWLzXec,"Quick as Silver, Hard as Stone",A REALM REBORN: FINAL FANTASY XIV Original Soundtrack,Naoshi Mizuta
https://music.youtube.com/watch?v=ZK-lgwCcj6k,Race to Mt. Fuji,Race to Mt. Fuji,KAZUKI KATSUTA
https://music.youtube.com/watch?v=6GB3_O9-iEw,Rain,COWBOY BEBOP (Original Motion Picture Soundtrack),Steve Conte
https://music.youtube.com/watch?v=nQZKe9zla2U,Ready To Fly,Takanaka,Masayoshi Takanaka
https://music.youtube.com/watch?v=_sJlsggTf8A,Rebecca's Theme,Lupin III,Papik
https://music.youtube.com/watch?v=EE-I7-5qcB8,Redemption (Theme From Rocky II),Rocky II: Music From The Motion Picture,Bill Conti
https://music.youtube.com/watch?v=Ns1meSkFpbw,Reflections,A REALM REBORN: FINAL FANTASY XIV Original Soundtrack,Masayoshi Soken
https://music.youtube.com/watch?v=-PHOhHb_YvM,Reign of Pain,A REALM REBORN: FINAL FANTASY XIV Original Soundtrack,Naoshi Mizuta
https://music.youtube.com/watch?v=FzN46G3wfKI,Restart,Restart,"Sound in Noise, Aktive, OHKAY"
https://music.youtube.com/watch?v=It09J-8aOq4,Return of the Hero,A REALM REBORN: FINAL FANTASY XIV Original Soundtrack,"Masayoshi Soken, FILM SCORE"
https://music.youtube.com/watch?v=rJZHSN4Lvog,Right Light Rise,Right Light Rise,dj-Jo
https://music.youtube.com/watch?v=QzBDvqIlMd0,Rimini,Lupin III,Papik
https://music.youtube.com/watch?v=AFtBJBDcxtE,Rivers in the Desert,The Velvet Lounge,Sapphire
https://music.youtube.com/watch?v=0wTOi2TCSSk,Robot Rock (Edit),Robot Rock (Edit),Daft Punk
https://music.youtube.com/watch?v=6sjGBXckGB4,Rock 'n' Roll (Part 2),Glitter,Gary Glitter
https://music.youtube.com/watch?v=fmtDvV-2EhM,Rocket Girl,Rocket Girl,Lemaitre
https://music.youtube.com/watch?v=O_LivpEN_DM,Rockmen (Battle),Ftl: Faster Than Light - Original Soundtrack,Ben Prunty
https://music.youtube.com/watch?v=DsnmyUdfbcI,Rokuchonen to ichiya monogatari,IA SUPER BEST -THE CREATORS -,Kemu
https://music.youtube.com/watch?v=FzpT1T_a6MM,Romant Mood,Lupin III,Papik
https://music.youtube.com/watch?v=5B8G9PoUKMQ,Ruby Moonrise,A REALM REBORN: FINAL FANTASY XIV Original Soundtrack,Masayoshi Soken
https://music.youtube.com/watch?v=o-InYxXXknI,Ruby Sunrise,A REALM REBORN: FINAL FANTASY XIV Original Soundtrack,Masayoshi Soken
https://music.youtube.com/watch?v=gOyV34UsXQI,Run (Bonus Track),Wild Ones,Flo Rida
https://music.youtube.com/watch?v=zxw3FQ3qMLw,,,
https://music.youtube.com/watch?v=nELlMFxvSOE,Rushing Back [MJ Cole Remix],Rushing Back (feat. Vera Blue) [MJ Cole Remix],Flume
https://music.youtube.com/watch?v=6M-F1vV3Dks,Sad Machine,Worlds,Porter Robinson
https://music.youtube.com/watch?v=gJivfzx_tS8,Sadness In The Past,Lupin III,Papik
https://music.youtube.com/watch?v=udPZTAZCe5U,Saltswept,A REALM REBORN: FINAL FANTASY XIV Original Soundtrack,Masayoshi Soken
https://music.youtube.com/watch?v=nsZC6xcHJUs,SAMBA PATI,On Guiter,Masayoshi Takanaka
https://music.youtube.com/watch?v=cpVr2RdtJt8,Samurai Metropolis,Blue in Red,T-SQUARE
https://music.youtube.com/watch?v=rcvVQ035bZM,San Marino,Lupin III,Papik
https://music.youtube.com/watch?v=FtmGMnWQN0M,Sandy Freak,Sandy Freak,Northmane
https://music.youtube.com/watch?v=nD4gLEBGSkE,Santiana,Between Wind and Water,The Longest Johns
https://music.youtube.com/watch?v=ZUuNiq2HATI,Say So (Japanese Version),Say So (Japanese Version),Rainych
https://music.youtube.com/watch?v=VrlKfUKC7Vk,Scarface (Push It To The Limit) (Extended Version),Scarface (Expanded Motion Picture Soundtrack),Paul Engemann
https://music.youtube.com/watch?v=ED-XKgdt6-4,Scream & Shout,#willpower,will.i.am
https://music.youtube.com/watch?v=8QIvEXXbJvo,Sea Shanty 2,RuneScape: Original Soundtrack Classics,Ian Taylor
https://music.youtube.com/watch?v=UTRF-w-0HdA,Secrets,Waking Up,OneRepublic
https://music.youtube.com/watch?v=chm9B8c6Nao,seedless strawberries,bird with hat,floopy
https://music.youtube.com/watch?v=4DzZIqJkb6s,Serenity,A REALM REBORN: FINAL FANTASY XIV Original Soundtrack,Masayoshi Soken
https://music.youtube.com/watch?v=gkfBXa-HAjU,Serving the Light,A REALM REBORN: FINAL FANTASY XIV Original Soundtrack,Masayoshi Soken
https://music.youtube.com/watch?v=8c2FmXJ3x8E,Sey-chan's Serenade,Sey-chan's Medieval Adventures,Seycara Orchestral
https://music.youtube.com/watch?v=CikEbEtnBcE,Sh-Boom,The Best Of The Crew Cuts,The Crew Cuts
https://music.youtube.com/watch?v=5UZ4V16d8eU,Shelter,Shelter,"Porter Robinson, Madeon"
https://music.youtube.com/watch?v=iWuPOvIGOd0,"Shiki no Uta (From ""Samurai Champloo"")","Shiki no Uta (From ""Samurai Champloo"")",Sapphire
https://music.youtube.com/watch?v=9liFMQLsGJE,Shinya no Machi nite,Memories2,NECRY TALKIE
https://music.youtube.com/watch?v=GjTTB6yII4o,Short Change Hero,The House That Dirt Built,The Heavy
https://music.youtube.com/watch?v=bDFY3LVK0s4,Shred Bop!,Lupin III,Papik
https://music.youtube.com/watch?v=dASBSY30oIk,Skullduggery,A REALM REBORN: FINAL FANTASY XIV Original Soundtrack,Masayoshi Soken
https://music.youtube.com/watch?v=oH4WG1x_KR8,Sleigh Ride,A Christmas Gift For You From Phil Spector,The Ronettes
https://music.youtube.com/watch?v=jMjb5ev8RRs,Slither,A REALM REBORN: FINAL FANTASY XIV Original Soundtrack,Masayoshi Soken
https://music.youtube.com/watch?v=hvgzF4BtY34,Slumber Disturbed,A REALM REBORN: FINAL FANTASY XIV Original Soundtrack,Masayoshi Soken
https://music.youtube.com/watch?v=i3D85RKfGQY,Smash Thru,Eat Your Dreams,Nelward
https://music.youtube.com/watch?v=1rLpeqDzB-E,Smoulder,A REALM REBORN: FINAL FANTASY XIV Original Soundtrack,Masayoshi Soken
https://music.youtube.com/watch?v=VAXXFvlu6hs,Snap Out,Blood Blockade Battlefront (Original Series Soundtrack),Taisei Iwasaki
https://music.youtube.com/watch?v=nJ5_-pINV0k,Snowfall,VA-11 Hall-A (Original Soundtrack: Second Round),Garoad
https://music.youtube.com/watch?v=OvpNVuE2SLA,Someday,Beyond The Veil,Seven Lions
https://music.youtube.com/watch?v=LOTLWfZjqZ4,Something Creeping,Lupin III,Papik
https://music.youtube.com/watch?v=a1VGJHDNog4,Soothsayer (Dedicated to Aunt Suzie),Crime Slunk Scene,Buckethead
https://music.youtube.com/watch?v=oeLf0DX70Q0,"Sorry, I Like You","Sorry, I Like You",Burbank
https://music.youtube.com/watch?v=w15VxfqKf3M,SOS,Overture,Midnight Grand Orchestra
https://music.youtube.com/watch?v=74nTzbgDGWM,South Of Heaven,South Of Heaven,Slayer
https://music.youtube.com/watch?v=HfbKF_Jcbhk,Spectrum,Clarity,Zedd
https://music.youtube.com/watch?v=gDOBP-T4ORE,Spiral,A REALM REBORN: FINAL FANTASY XIV Original Soundtrack,Masayoshi Soken
https://music.youtube.com/watch?v=b-D5yAAXYng,Stand By Me,Don't Play That Song,Ben E. King
https://music.youtube.com/watch?v=5eu_fkIbmxc,Stardust,Stardust,Geoxor
https://music.youtube.com/watch?v=qfxkJH7gJjU,Sticking It to Myself,Artificial Heart,Jonathan Coulton
https://music.youtube.com/watch?v=pChX72etkpA,Stop Thinking,Beyond The Veil,Seven Lions
https://music.youtube.com/watch?v=aU3q08jC6os,Sultana Dreaming,A REALM REBORN: FINAL FANTASY XIV Original Soundtrack,Masayoshi Soken
https://music.youtube.com/watch?v=eWWk-2rbjDM,Summer Slack,Summer Slack,ZUTOMAYO
https://music.youtube.com/watch?v=B7luArOaIl0,summertime,summertime,"cinnamons, evening cinema"
https://music.youtube.com/watch?v=cA4CgvH-IUo,Super GunyaGunya,Super GunyaGunya,NECRY TALKIE
https://music.youtube.com/watch?v=68vMmrhJamY,"Swan Lake, Op. 20a: No. 1, Scène",The 50 Greatest Pieces of Classical Music,David Parry & London Philharmonic Orchestra
https://music.youtube.com/watch?v=PVHrZlCMVTE,Sweets Parade,Sweets Parade,Kana Hanazawa
https://music.youtube.com/watch?v=DGIfyiM2neY,Swindle,Lupin III,Papik
https://music.youtube.com/watch?v=d11xns8lE4w,Take Me Out,Franz Ferdinand,Franz Ferdinand
https://music.youtube.com/watch?v=YJgB4Ji22CM,Takeaguess,Dated New Aesthetic,"Windows 96, Gavriel"
https://music.youtube.com/watch?v=-olL71GgdXQ,Tear in My Heart,Blurryface,twenty one pilots
https://music.youtube.com/watch?v=FPmThXWECyQ,Telephone Number,Telephone Number,Caitlin Myers
https://music.youtube.com/watch?v=jQTJD9f8KRA,Tenacity,A REALM REBORN: FINAL FANTASY XIV Original Soundtrack,"Masayoshi Soken, FILM SCORE"
https://music.youtube.com/watch?v=sEVTw66txkE,"Thank you, my twilight (Fool on cool version)",FLCL Progressive / Alternative (Music from the Series),the pillows
https://music.youtube.com/watch?v=DfUoDFYx5l4,the cat of sundrop bay,return to bird world,leon chang
https://music.youtube.com/watch?v=YOo0jze3Des,The Cave,Sigh No More,Mumford & Sons
https://music.youtube.com/watch?v=19E5p4od1vc,The Corpse Hall,A REALM REBORN: FINAL FANTASY XIV Original Soundtrack,Masayoshi Soken
https://music.youtube.com/watch?v=A6r79HxmKw8,The Cruel Angel's Thesis (Director's Edit Version),NEON GENESIS EVANGELION (Original Series Soundtrack),Yoko Takahashi
https://music.youtube.com/watch?v=PCzk_-CAWwo,The Dark's Embrace,A REALM REBORN: FINAL FANTASY XIV Original Soundtrack,Nobuo Uematsu
https://music.youtube.com/watch?v=L1oBub-kng8,The Dark's Kiss,A REALM REBORN: FINAL FANTASY XIV Original Soundtrack,Nobuo Uematsu
https://music.youtube.com/watch?v=RByT0zRy8tA,The Darkhold,A REALM REBORN: FINAL FANTASY XIV Original Soundtrack,Masayoshi Soken
https://music.youtube.com/watch?v=tGYuW0a6bTo,The Difference [High Contrast Remix],The Difference (feat. Toro y Moi) [Remixes],Flume
https://music.youtube.com/watch?v=vAUYLvTkRkg,The Dragon's Dirge,A REALM REBORN: FINAL FANTASY XIV Original Soundtrack,Masayoshi Soken
https://music.youtube.com/watch?v=S_w5S1UqAAU,The Emperor's Wont,A REALM REBORN: FINAL FANTASY XIV Original Soundtrack,Masayoshi Soken
https://music.youtube.com/watch?v=Zxx3bSKX6t8,The Gift of Life,A REALM REBORN: FINAL FANTASY XIV Original Soundtrack,Masayoshi Soken
https://music.youtube.com/watch?v=PmMOqNfvOKI,The Land Bends,A REALM REBORN: FINAL FANTASY XIV Original Soundtrack,Masayoshi Soken
https://music.youtube.com/watch?v=CefspGlIlEE,The Land Bleeds,A REALM REBORN: FINAL FANTASY XIV Original Soundtrack,Masayoshi Soken
https://music.youtube.com/watch?v=gRBfejewFBA,The Land Breaks,A REALM REBORN: FINAL FANTASY XIV Original Soundtrack,Masayoshi Soken
https://music.youtube.com/watch?v=0KVJravl_Ew,The Land Breathes,A REALM REBORN: FINAL FANTASY XIV Original Soundtrack,Masayoshi Soken
https://music.youtube.com/watch?v=0rgW-Cbbtc0,The Land Burns,A REALM REBORN: FINAL FANTASY XIV Original Soundtrack,Masayoshi Soken
https://music.youtube.com/watch?v=ooQL3eqgDv8,The Ludus,A REALM REBORN: FINAL FANTASY XIV Original Soundtrack,Masayoshi Soken
https://music.youtube.com/watch?v=zBPACp94-58,The Maiden's Lament,A REALM REBORN: FINAL FANTASY XIV Original Soundtrack,Masayoshi Soken
https://music.youtube.com/watch?v=uHmFVkIxEKU,The Maker's Ruin,A REALM REBORN: FINAL FANTASY XIV Original Soundtrack,Masayoshi Soken
https://music.youtube.com/watch?v=GutdB6G75ns,The Moment Of The Truth,The Karate Kid: The Original Motion Picture Soundtrack,Survivor
https://music.youtube.com/watch?v=yew1-GKzzLc,The Muffin Song (asdfmovie),The Muffin Song (asdfmovie),"The Gregory Brothers, TomSka"
https://music.youtube.com/watch?v=X8VOdDsOQ5k,The Number Of The Beast,The Number Of The Beast,Iron Maiden
https://music.youtube.com/watch?v=9ZLsJ_TsV0M,The Only Path,A REALM REBORN: FINAL FANTASY XIV Original Soundtrack,Masayoshi Soken
https://music.youtube.com/watch?v=ph83TTJr0Sk,The Promise of Plunder,A REALM REBORN: FINAL FANTASY XIV Original Soundtrack,Masayoshi Soken
https://music.youtube.com/watch?v=WCWF7bnUZ_E,The Rider's Boon,A REALM REBORN: FINAL FANTASY XIV Original Soundtrack,Tsuyoshi Sekito
https://music.youtube.com/watch?v=aCuauSKTv-E,THE RUNAROUND,THE RUNAROUND,nelward
https://music.youtube.com/watch?v=m_r2J0P7iHQ,"The Second Waltz, Op. 99a",And The Waltz Goes On,"André Rieu, Johann Strauss Orchestra"
https://music.youtube.com/watch?v=juDl5hy3mbQ,The Seventh Sun,A REALM REBORN: FINAL FANTASY XIV Original Soundtrack,Masayoshi Soken
https://music.youtube.com/watch?v=N-Qqnx77m8w,The Show Must Go On,Symphonic Queen - The Greatest Hits,"Royal Philharmonic Orchestra, Matthew Freeman"
https://music.youtube.com/watch?v=uQTBzmBDSv0,The Town Inside Me,The Town Inside Me,"AISHA, Arc System Works"
https://music.youtube.com/watch?v=GzkVQxK0Q88,The Waking Sands,A REALM REBORN: FINAL FANTASY XIV Original Soundtrack,Masayoshi Soken
https://music.youtube.com/watch?v=j-01cO73qRU,There! Right There!,Legally Blonde The Musical (Original Broadway Cast Recording),"Amber Efe, Kate Shindle, Laura Bell Bundy, 'Legally Blonde' Ensemble, Manuel Herrera, Matthew Risch"
https://music.youtube.com/watch?v=hD8Bpe6glTY,This Disaster,Catalyst,New Found Glory
https://music.youtube.com/watch?v=GL3vQUWBkq8,Through the Gloom,A REALM REBORN: FINAL FANTASY XIV Original Soundtrack,Masayoshi Soken
https://music.youtube.com/watch?v=wCK7jLGcN7I,Thunderer,A REALM REBORN: FINAL FANTASY XIV Original Soundtrack,Masayoshi Soken
https://music.youtube.com/watch?v=N43KJhWPrK8,To the Sun,A REALM REBORN: FINAL FANTASY XIV Original Soundtrack,Masayoshi Soken
https://music.youtube.com/watch?v=SIQvZM0Rim8,Today Today,The Ballad of Hamantha / Today Today / Al Dente,Jack Stauber's Micropop
https://music.youtube.com/watch?v=mVSnyJtmAGU,Too Spicy,Too Spicy,Cute Girls Doing Cute Things
https://music.youtube.com/watch?v=QK-kOJs3aso,Torn from the Heavens,A REALM REBORN: FINAL FANTASY XIV Original Soundtrack,"Masayoshi Soken, FILM SCORE"
https://music.youtube.com/watch?v=U4tIApG1IdU,Trap Anthem,Trap Anthem (feat. Yun Head),MC Virgins
https://music.youtube.com/watch?v=NZL_vqIeg_o,Trigger Point,Lupin III,Yuma
https://music.youtube.com/watch?v=ZnYWqO4tKP0,Tsuki No Koibumi,One,C418
https://music.youtube.com/watch?v=j5HyqLBH6zw,Tumbling Down,A REALM REBORN: FINAL FANTASY XIV Original Soundtrack,"Masayoshi Soken, FILM SCORE"
https://music.youtube.com/watch?v=5SYK4AkYIeU,Twist,Twist,nelward
https://music.youtube.com/watch?v=K-9c17fbTxY,Ultima,A REALM REBORN: FINAL FANTASY XIV Original Soundtrack,Masayoshi Soken
https://music.youtube.com/watch?v=Ho86D-yuBUw,Under Cover of Darkness,Angles,The Strokes
https://music.youtube.com/watch?v=eAXIt71mp2M,Under The Rider,Lupin III,Papik
https://music.youtube.com/watch?v=6PGrJczAO-A,Under the Weight,A REALM REBORN: FINAL FANTASY XIV Original Soundtrack,Masayoshi Soken
https://music.youtube.com/watch?v=8CeYNJ-s0Kw,Undertale,UNDERTALE Soundtrack,Toby Fox
https://music.youtube.com/watch?v=gr1LAEmivZA,Undying Faith,A REALM REBORN: FINAL FANTASY XIV Original Soundtrack,Masayoshi Soken
https://music.youtube.com/watch?v=iXjptpJVenc,Unknown Creature Sighting,Dated New Aesthetic,"Windows 96, Gavriel"
https://music.youtube.com/watch?v=QvSBRGHTaaI,Unravel (Acoustic Version),Unravel (Acoustic Version),TK from Ling tosite sigure
https://music.youtube.com/watch?v=9kv2Gqz3BdU,Up & Down,Up & Down,"The Chainsmokers, 347aidan"
https://music.youtube.com/watch?v=_biRGpiWP80,Us Ephemeral (George Clanton Remix),Us Ephemeral (George Clanton Remix),"Vitesse X, George Clanton"
https://music.youtube.com/watch?v=mVGJ7_wPP-0,Usually,Across The Road,"First of October, Rob Scallon, Andrew Huang"
https://music.youtube.com/watch?v=LJCLUhBzBM8,Variations on a Cloud,Variations on a Cloud,Miracle Musical
https://music.youtube.com/watch?v=nFrwpD2EEZo,Volcano Mines (Forgotten World),Stardew Valley 1.5 (Original Game Soundtrack),ConcernedApe
https://music.youtube.com/watch?v=pr2WYvFZ4S4,Vortex,Vortex,Stolen Nova
https://music.youtube.com/watch?v=YXEp_T1-vSc,Vs Mafia,Lupin III,Yuma
https://music.youtube.com/watch?v=5N5Zjgh0AwA,Wailers And Waterwheels,A REALM REBORN: FINAL FANTASY XIV Original Soundtrack,Masayoshi Soken
https://music.youtube.com/watch?v=Wv6Mq9eV2yg,War Dance of the Peasant Boys,Sey-chan's Medieval Adventures,Seycara Orchestral
https://music.youtube.com/watch?v=bc5Nk1DXyEY,War Pigs,The Ultimate Collection,Black Sabbath
https://music.youtube.com/watch?v=gUeU333Ohg0,We’ll Be Back,We’ll Be Back,Megadeth
https://music.youtube.com/watch?v=Iq_g0uIvoBw,Weight of a Whisper,A REALM REBORN: FINAL FANTASY XIV Original Soundtrack,Masayoshi Soken
https://music.youtube.com/watch?v=BGHdY0Q6tg0,Weight of His Will,A REALM REBORN: FINAL FANTASY XIV Original Soundtrack,Masayoshi Soken
https://music.youtube.com/watch?v=HNS8ZbPG5ns,Weight of the World,A REALM REBORN: FINAL FANTASY XIV Original Soundtrack,Masayoshi Soken
https://music.youtube.com/watch?v=2Cz6Y4iqUSA,Welcome to VA-11 Hall-A,VA-11 Hall-A (Original Soundtrack: Second Round),Garoad
https://music.youtube.com/watch?v=-KO7cofMJH0,Wellerman,Between Wind and Water,The Longest Johns
https://music.youtube.com/watch?v=n9DmdAwUbxc,What You Won't Do for Love,What You Won't Do for Love,Bobby Caldwell
https://music.youtube.com/watch?v=cGvIud2C14I,When the Moon Reaches Out to the Stars,The Velvet Lounge,Sapphire
https://music.youtube.com/watch?v=8IIniEWky64,When The Weak Go Marching In,When The Weak Go Marching In,キタニタツヤ
https://music.youtube.com/watch?v=8TA2MAa8uM8,When They Turn the Lights On,Luxury Disease,ONE OK ROCK
https://music.youtube.com/watch?v=mSMWdUgPsh0,Where the Heart Is,A REALM REBORN: FINAL FANTASY XIV Original Soundtrack,Masayoshi Soken
https://music.youtube.com/watch?v=T4Te9sa7QlM,Where the Hearth Is,A REALM REBORN: FINAL FANTASY XIV Original Soundtrack,Masayoshi Soken
https://music.youtube.com/watch?v=t0_SKvlatwc,Whims of Fate,The Velvet Lounge,Sapphire
https://music.youtube.com/watch?v=JVTS3fyoAEQ,Who's Ready for Tomorrow,"Cyberpunk 2077: Radio, Vol. 2 (Original Soundtrack)","RAT BOY, IBDY"
https://music.youtube.com/watch?v=GYqbdR7GSio,Why Do I,Why Do I,Set It Off
https://music.youtube.com/watch?v=yRarXusX9z4,Wicked Fujiko,Lupin III,Papik
https://music.youtube.com/watch?v=LzgcVxoAg-0,Woosah,Anxiety & Circumstance,Akintoye
https://music.youtube.com/watch?v=_FHGghEs1Ts,X Gon' Give It To Ya,Cradle 2 The Grave,DMX
https://music.youtube.com/watch?v=F232kE4gIqU,Yamí Obi,SY,Vitalism
https://music.youtube.com/watch?v=_5AOIs7qgmQ,Years Of War,Worlds,Porter Robinson
https://music.youtube.com/watch?v=waYhTInn7GU,YELLOW,YELLOW,神山 羊
https://music.youtube.com/watch?v=B-dCHYuV_DM,Yoko Ono,Yoko Ono,Mob Rich
https://music.youtube.com/watch?v=qDL8wWa-Zk8,Your Affection,The Velvet Lounge,Sapphire
https://music.youtube.com/watch?v=iPfoWax2wrM,Zenigata's Theme,Lupin III,Papik
https://music.youtube.com/watch?v=yGxHDmHoqXc,Zombie,No Need to Argue (The Complete Sessions 1994–1995),The Cranberries
https://music.youtube.com/watch?v=w9yyouvMdEc,Zombies,Zombies,DECO*27
https://music.youtube.com/watch?v=BoB-0pv9-1o,アドベンチャー,アドベンチャー,YOASOBI
https://music.youtube.com/watch?v=A7FL78qXG0U,アラウンド8,炎炎ノ音楽隊～TVアニメ「炎炎ノ消防隊」オリジナルサウンドトラック～,末廣健一郎
https://music.youtube.com/watch?v=-Qn_yN4g8IM,ヴァンパイア,ヴァンパイア,DECO*27
https://music.youtube.com/watch?v=djsuvEmN2lQ,エリート,エリート,Chinozo
https://music.youtube.com/watch?v=0qBr3oQZQ_s,ジョーカー,炎炎ノ音楽隊～TVアニメ「炎炎ノ消防隊」オリジナルサウンドトラック～,末廣健一郎
https://music.youtube.com/watch?v=L9OyEkqAT1U,デビルビート,炎炎ノ音楽隊～TVアニメ「炎炎ノ消防隊」オリジナルサウンドトラック～,末廣健一郎
https://music.youtube.com/watch?v=Ovlnd5i3lso,トラフィック,炎炎ノ音楽隊～TVアニメ「炎炎ノ消防隊」オリジナルサウンドトラック～,末廣健一郎
https://music.youtube.com/watch?v=2cWlXTWWRXM,バトルクリシェ,炎炎ノ音楽隊～TVアニメ「炎炎ノ消防隊」オリジナルサウンドトラック～,末廣健一郎
https://music.youtube.com/watch?v=-qne8ZtZutg,ヒートアップ,炎炎ノ音楽隊～TVアニメ「炎炎ノ消防隊」オリジナルサウンドトラック～,末廣健一郎
https://music.youtube.com/watch?v=VfATdDI3604,もう少しだけ,もう少しだけ,YOASOBI
https://music.youtube.com/watch?v=cmHmJ26G8Fw,レオナルド・バーンズ,炎炎ノ音楽隊～TVアニメ「炎炎ノ消防隊」オリジナルサウンドトラック～,末廣健一郎
https://music.youtube.com/watch?v=FA3a-HQtiAE,ロストアンブレラ,アンチサイクロン,稲葉曇
https://music.youtube.com/watch?v=LA8XqZv83Lc,ワークスリズム,炎炎ノ音楽隊～TVアニメ「炎炎ノ消防隊」オリジナルサウンドトラック～,末廣健一郎
https://music.youtube.com/watch?v=meurEiM29IA,与エラレタ使命,炎炎ノ音楽隊～TVアニメ「炎炎ノ消防隊」オリジナルサウンドトラック～,末廣健一郎
https://music.youtube.com/watch?v=gXa-Vz6YPz8,仲間を繋ぐ絆,炎炎ノ音楽隊～TVアニメ「炎炎ノ消防隊」オリジナルサウンドトラック～,末廣健一郎
https://music.youtube.com/watch?v=zD78IMFXzyU,出動要請,炎炎ノ音楽隊～TVアニメ「炎炎ノ消防隊」オリジナルサウンドトラック～,末廣健一郎
https://music.youtube.com/watch?v=XhrFXaf95xA,哀しみ景色,炎炎ノ音楽隊～TVアニメ「炎炎ノ消防隊」オリジナルサウンドトラック～,末廣健一郎
https://music.youtube.com/watch?v=foGXdLvGMPM,喧嘩祭リ,炎炎ノ音楽隊～TVアニメ「炎炎ノ消防隊」オリジナルサウンドトラック～,末廣健一郎
https://music.youtube.com/watch?v=ZnPDfJAeQ_s,始動,炎炎ノ音楽隊～TVアニメ「炎炎ノ消防隊」オリジナルサウンドトラック～,末廣健一郎
https://music.youtube.com/watch?v=NZpsYBk182c,思惑,炎炎ノ音楽隊～TVアニメ「炎炎ノ消防隊」オリジナルサウンドトラック～,末廣健一郎
https://music.youtube.com/watch?v=hiS2tzLCTfc,業火撃墜,炎炎ノ音楽隊～TVアニメ「炎炎ノ消防隊」オリジナルサウンドトラック～,末廣健一郎
https://music.youtube.com/watch?v=ICx5pO84dvc,決意ノ心音,炎炎ノ音楽隊～TVアニメ「炎炎ノ消防隊」オリジナルサウンドトラック～,末廣健一郎
https://music.youtube.com/watch?v=uBtuUle9-tM,浅草スケール,炎炎ノ音楽隊～TVアニメ「炎炎ノ消防隊」オリジナルサウンドトラック～,末廣健一郎
https://music.youtube.com/watch?v=058nfpB1la0,潜入捜査,炎炎ノ音楽隊～TVアニメ「炎炎ノ消防隊」オリジナルサウンドトラック～,末廣健一郎
https://music.youtube.com/watch?v=Unqh_mjs6E4,火華ノ闇,炎炎ノ音楽隊～TVアニメ「炎炎ノ消防隊」オリジナルサウンドトラック～,末廣健一郎
https://music.youtube.com/watch?v=GaguH4zSUE8,灰色ワルツ,炎炎ノ音楽隊～TVアニメ「炎炎ノ消防隊」オリジナルサウンドトラック～,末廣健一郎
https://music.youtube.com/watch?v=XnMllLGjjUY,灼熱ディザスター,炎炎ノ音楽隊～TVアニメ「炎炎ノ消防隊」オリジナルサウンドトラック～,末廣健一郎
https://music.youtube.com/watch?v=t2jzZkcqVXs,炎炎ノ消防隊-MainTheme-,炎炎ノ音楽隊～TVアニメ「炎炎ノ消防隊」オリジナルサウンドトラック～,末廣健一郎
https://music.youtube.com/watch?v=OsrwVbbQ-lk,焦熱レクイエム,炎炎ノ音楽隊～TVアニメ「炎炎ノ消防隊」オリジナルサウンドトラック～,末廣健一郎
https://music.youtube.com/watch?v=-vCzrgAqLW8,煉獄イデア,炎炎ノ音楽隊～TVアニメ「炎炎ノ消防隊」オリジナルサウンドトラック～,末廣健一郎
https://music.youtube.com/watch?v=2eNEQ0cQtkI,祝福,祝福,YOASOBI
https://music.youtube.com/watch?v=7EPq3lI8-Fw,第8特殊消防隊,炎炎ノ音楽隊～TVアニメ「炎炎ノ消防隊」オリジナルサウンドトラック～,末廣健一郎
https://music.youtube.com/watch?v=xOcXPsPu3e4,紅蓮,炎炎ノ音楽隊～TVアニメ「炎炎ノ消防隊」オリジナルサウンドトラック～,末廣健一郎
https://music.youtube.com/watch?v=vHfAjfKVMew,逆光 (ウタ from ONE PIECE FILM RED),逆光 (ウタ from ONE PIECE FILM RED),Ado
https://music.youtube.com/watch?v=vjLGNvJYeyI,青線デイズ,炎炎ノ音楽隊～TVアニメ「炎炎ノ消防隊」オリジナルサウンドトラック～,末廣健一郎
https://music.youtube.com/watch?v=_9N6V0HkpdQ,魂ノ呼声,炎炎ノ音楽隊～TVアニメ「炎炎ノ消防隊」オリジナルサウンドトラック～,末廣健一郎
